{"cameraMode":{"drawMode":0,"name":"Shaded","section":"Shading Mode"},"sceneLighting":true,"audioPlay":false,"sceneViewState":{"m_AlwaysRefresh":false,"showFog":true,"showSkybox":true,"showFlares":true,"showImageEffects":true,"showParticleSystems":true,"showVisualEffectGraphs":true,"m_FxEnabled":true},"in2DMode":false,"pivot":{"x":411.2245788574219,"y":167.92742919921876,"z":-5.603549957275391},"rotation":{"x":0.043779533356428149,"y":-0.9511904716491699,"z":0.2605057954788208,"w":0.16008298099040986},"size":140.0970001220703,"orthographic":false}