{"cameraMode":{"drawMode":0,"name":"Shaded","section":"Shading Mode"},"sceneLighting":true,"audioPlay":false,"sceneViewState":{"m_AlwaysRefresh":false,"showFog":true,"showSkybox":true,"showFlares":true,"showImageEffects":true,"showParticleSystems":true,"showVisualEffectGraphs":true,"m_FxEnabled":true},"in2DMode":false,"pivot":{"x":-230.11827087402345,"y":2.34670352935791,"z":107.53471374511719},"rotation":{"x":-0.1512545496225357,"y":0.13661596179008485,"z":-0.021115927025675775,"w":-0.9788661003112793},"size":11.381501197814942,"orthographic":false}