{"cameraMode":{"drawMode":0,"name":"Shaded","section":"Shading Mode"},"sceneLighting":true,"audioPlay":false,"sceneViewState":{"m_AlwaysRefresh":false,"showFog":true,"showSkybox":true,"showFlares":true,"showImageEffects":true,"showParticleSystems":true,"showVisualEffectGraphs":true,"m_FxEnabled":true},"in2DMode":false,"pivot":{"x":-47.79999923706055,"y":25.200000762939454,"z":3.0999999046325685},"rotation":{"x":0.041661668568849567,"y":0.9047822952270508,"z":-0.090023934841156,"w":0.4153294861316681},"size":0.8660253882408142,"orthographic":false}